"","IBNR","CL","ODP","EV","DP"
"1",7789,7592.5,7583.61008542276,7562.53203880648,7895.48335435451
"2",8327,8441.5,8442.52803469518,8409.72190477078,9244.41551749831
"3",8048,7922.5,7952.31923219008,7909.88158921846,8204.65555775373
"4",8143,7689.5,7675.27737938716,7663.59964184036,7832.52492830792
"5",9523,7548.5,7521.03278585837,7504.33338529182,7828.86648043398
"6",8319,8219,8207.16411829618,8154.19854936753,8471.86394323634
"7",8616,8308.5,8295.00391120861,8254.40486888764,8653.73200760264
"8",8677,7961.5,7931.32337269254,7935.13555340577,8439.59352097882
"9",7973,8234.5,8198.30561216484,8180.5285604972,8556.53708883431
"10",9015,8606,8594.08908662122,8576.39922986107,9067.57885475492
"11",7521,7216.5,7172.39621942249,7178.92241749433,7489.81738529209
"12",7899,7448.5,7420.72786399726,7431.99724758659,7574.60062001264
"13",7207,7681,7658.50041205771,7634.8201094822,7819.86553485232
"14",9310,7906.5,7868.39138617426,7851.59179798464,8649.66395653989
"15",6763,7051.5,7028.31756342554,7025.97216697048,7285.55757151641
"16",8668,8147,8147.20925992282,8109.97800990452,8716.42103608577
"17",9253,8748.5,8723.28562774348,8690.1979962201,8944.3669916403
"18",7785,8772,8708.80907768989,8663.58547950868,8999.94617137403
"19",7396,7655,7634.50979757609,7614.07139571502,8415.52906023503
"20",9422,8457,8429.93854631302,8449.05064854513,8594.6214831825
"21",7963,7632.5,7592.66782220661,7574.252312833,7929.15397791082
"22",8047,7111.5,7083.24761199488,7079.57432655285,7663.89958222198
"23",8132,8466.5,8402.5140134761,8381.13189388318,8780.19359325926
"24",7462,7085,7117.67246593744,7106.58970488705,7327.73375770201
"25",8690,8544.5,8559.75992496267,8554.07371222085,8575.99696606641
"26",8538,7529,7515.87361332872,7498.33059213087,7863.51555207893
"27",8899,7685,7603.09429697631,7580.77004469753,8400.27759008719
"28",7040,7105.5,7063.53184087145,7047.1024937051,7328.03205412301
"29",8836,8345,8335.07939793053,8353.61462038806,8589.40327365487
"30",7244,7411.5,7382.8590718923,7385.82611729101,7735.12240170508
"31",7106,8336.5,8284.03256331218,8250.88479497695,8632.86343247
"32",8208,8467.5,8422.94957658731,8389.16867132762,8914.36301770309
"33",8798,8203.5,8228.68840570016,8205.64932919733,8979.04418102224
"34",7536,7380,7354.2503083262,7315.6680129107,7715.13884863725
"35",8101,6987.5,6988.91380053648,6976.08085007964,7459.94106153921
"36",8377,8797,8736.88714611966,8754.06543284745,9050.4924465962
"37",7821,7888,7863.60339632156,7862.69612303334,8018.18369436454
"38",7235,8152,8111.25263294843,8121.66260638737,8602.87660457272
"39",7685,8345,8333.20029953861,8360.26830752619,8621.6357567476
"40",8235,8237.5,8209.57000760415,8189.25019129774,8532.88918941431
"41",9495,9008.5,8969.88037807881,8952.66806512082,9242.51395327698
"42",8274,7442.5,7443.4752507883,7418.74458335658,7883.09985056446
"43",9102,7665,7634.99254419463,7607.21714149701,8134.51482684993
"44",8513,7558.5,7516.82607237828,7529.64652219216,8080.65820183947
"45",8220,8188,8137.5172971956,8101.13631439566,8548.07733086723
"46",7927,7589,7570.78202566275,7574.30424372135,7830.78598175682
"47",9734,8715.5,8706.25746292798,8682.64414959046,9000.85331695464
"48",7674,7373.5,7355.90011869362,7352.01875898001,7499.22013966537
"49",7597,8254,8214.31676311571,8225.81576410474,8413.32762321926
"50",6599,7200,7162.72874469644,7209.79837099048,7371.47224110223
"51",7434,8574.5,8565.1498495035,8542.44702130565,8664.16944857596
"52",7556,6340,6293.12815983119,6291.48242168495,6618.30980045334
"53",7661,7479,7445.04710166576,7417.42518955685,7687.4405143992
"54",7834,7635.5,7589.70716851997,7592.3550868149,7739.78454367628
"55",7959,7938,7921.99381256038,7873.7841353274,8330.90354337007
"56",8140,7159.5,7138.46978930731,7127.96549712237,7517.1135337002
"57",8373,7297.5,7282.1996516344,7272.38024414532,7606.41722902466
"58",9349,8455,8436.1429665012,8390.32161457835,9007.81128036219
"59",8132,8408.5,8388.51001065498,8342.76710682135,8747.83239033655
"60",8394,7640,7593.00028499747,7582.09043012227,8108.62120200223
"61",7534,6721,6709.57037873569,6703.30193315548,6946.98141915217
"62",6754,7712,7680.47176672966,7663.28604721962,7701.82771143407
"63",7687,6980,6932.8166198786,6914.87800655778,7222.23928674758
"64",8008,8462.5,8446.77838371286,8433.08087094429,8530.20760330134
"65",8220,7674.5,7646.52640182385,7619.93839356261,7888.1125637286
"66",6492,6604,6599.90479447311,6579.70811556733,6710.66622976599
"67",8985,8723,8688.59896086276,8697.16723004447,9359.72949073493
"68",7511,7214.5,7195.11389746193,7176.78394070334,7396.26775989408
"69",8864,8465,8403.11302069299,8389.13850012199,8647.33311295505
"70",8738,9457,9435.54511591642,9410.75586595258,9785.37896170128
"71",7298,8655.5,8620.81569426714,8551.04573808676,8878.2911476168
"72",7461,7101.5,7097.39788396727,7067.11234678812,7363.80572194619
"73",8444,8541.5,8526.37900731231,8483.06536139611,9035.68906574683
"74",7448,7186,7167.58663303716,7152.07344756633,7428.42003715677
"75",6553,8155,8149.30600716174,8111.6455767594,8084.45626204174
"76",8746,7830,7811.87575139719,7799.67062422983,8311.27863506201
"77",8124,8350,8301.30536580752,8284.59429757033,8735.39209012101
"78",8132,8259.5,8232.87328521956,8205.36673458067,8637.7123878307
"79",8055,7462.5,7412.48212286153,7414.27946971285,7868.07408548278
"80",9670,7679.5,7637.26900050095,7647.95143605364,8228.33965676102
"81",8010,8550,8520.60210494315,8497.07940377344,8847.09507789306
"82",8438,8337.5,8290.74680263956,8274.08816336386,8774.83684489881
"83",9317,8372,8360.32334964961,8343.16635437513,8652.51443789026
"84",7587,8252,8169.82031141873,8120.53013603057,8405.66678002359
"85",8781,9107,9074.80930329928,9050.22188613848,9311.07177434247
"86",8947,7419.5,7373.17069615267,7364.1513429689,7761.06204045381
"87",7892,7880,7821.04767280216,7818.66395476752,7959.59300371552
"88",9774,8853,8801.17130597584,8775.57967193441,9267.99438106517
"89",8956,NA,NA,NA,NA
"90",7293,7272.5,7241.83804393461,7237.09884428718,7348.47681136603
"91",7888,7965.5,7917.72960062999,7904.36601007224,8423.00326243153
"92",7678,7882,7837.18308350295,7808.53465908974,7965.01003422783
"93",7616,7905.5,7865.98238473644,7832.18867468082,8212.54951973636
"94",8498,7184,7158.13197965415,7175.88261078675,7471.92017445545
"95",7783,7756,7721.720007409,7730.84294675937,7845.26696775147
"96",8643,8832,8781.6783168798,8738.84483862586,9261.20152503892
"97",8047,8541.5,8514.91285678354,8490.62115430993,8885.31824270461
"98",8194,7655.5,7622.8529855969,7638.11663546663,7880.94948335534
"99",6726,6775.5,6741.05418405063,6725.78374933055,7121.99264881674
"100",7274,7916,7887.52723048383,7887.2711603874,8189.82587798677
"101",8123,7832,7802.75629034921,7793.77124417266,8258.94410372269
"102",8636,8005.5,7997.71022920484,7958.8402538318,8459.15729024254
"103",7844,8006,7976.67457197696,7941.04002636669,8285.24315885201
"104",8865,7652.5,7596.47899981822,7595.92002745309,8035.86522335665
"105",7161,7027.5,7009.66466949815,7007.71288092036,7167.80041307032
"106",8174,7707,7671.50563552301,7653.75079385087,8115.57285353062
"107",8185,7455,7455.88920767818,7461.17071754688,7799.22110848144
"108",7896,7299,7268.07172711205,7263.53456952779,7478.23852087075
"109",7613,7810,7795.41840409384,7804.42362139411,8030.92032507706
"110",7526,8184.5,8127.37927434764,8164.14281278296,8298.39413775046
"111",7657,8225,8215.26950760638,8181.54388014787,8485.83014004288
"112",7050,8835.5,8776.08888996089,8763.55832585656,8805.82547576455
"113",8066,7171.5,7147.13721721139,7137.32467357353,7350.29567475459
"114",7988,8644.5,8617.99792414102,8606.9108178039,8996.33549224656
"115",8091,7955.5,7893.55612526822,7886.50595127563,8410.8202578181
"116",7269,7736,7730.27997622749,7730.20284823688,7827.72354238401
"117",7837,8160,8125.68203627359,8115.97666055658,8457.38346811008
"118",6896,7413,7386.11091945068,7363.56865064019,7448.18944313529
"119",7270,7580,7551.0722763671,7528.4046991311,7828.61385660572
"120",7920,7446.5,7416.35694011207,7417.98577294814,7921.38772825876
"121",7386,8317,8275.88309115037,8228.821055514,8550.19423861976
"122",8546,8034.5,7998.16680641458,7975.16895404847,8357.63464171696
"123",8193,7899.5,7853.14812434584,7834.56088378212,8214.01785775018
"124",8873,7959.5,7910.14636289687,7874.03662965467,8207.36283442591
"125",8624,7990,7986.3761084181,7955.5140905267,8203.60645824599
"126",7595,7210,7194.8759541176,7171.83819038854,7402.76593737513
"127",7294,7739.5,7702.99108347146,7698.66968237551,7945.92722407663
"128",9807,8139.5,8142.01181868357,8150.51650148523,8557.14897934709
"129",8746,8158.5,8169.43994448678,8130.68810949735,8622.28694745966
"130",9213,7854,7814.18511383503,7797.78399960068,8211.67579368511
"131",6893,7328.5,7299.22779503315,7298.42421231683,7616.08860797229
"132",7907,7822,7770.97256439229,7765.7385189527,8151.7531827556
"133",7545,7754,7683.80339472913,7686.77017059471,8067.42624429061
"134",8868,7827,7763.95561408571,7746.76191374656,8171.47161200919
"135",8301,7124,7092.00391023934,7033.51759511918,7431.22984033392
"136",8915,8479,8405.92695030886,8419.35510480008,8869.73066806525
"137",9238,8365.5,8341.4832187047,8335.03632252513,8480.50534656802
"138",7476,7873.5,7855.6968740677,7839.19421194608,8203.6888826327
"139",7275,6845,6836.81988308617,6823.01770842044,7222.88884459406
"140",8629,8390.5,8289.19317221789,8267.40871571751,8650.78605641605
"141",7545,7365,7317.36635996207,7278.97609070796,7420.36080633609
"142",9462,8153.5,8115.25080227733,8101.94996476816,8537.40860345658
"143",8857,7941.5,7940.06418343032,7911.38539543912,8009.0118752181
"144",8391,7818.5,7822.88682529538,7776.8803035464,8062.02140068549
"145",6864,7858,7835.30219102008,7843.7946281032,8040.21413950994
"146",7520,7133.5,7077.66235039405,7069.38867887961,7683.44049758758
"147",7711,7834,7791.69993332432,7795.7573569186,8112.40717516013
"148",7965,7502,7471.56198595543,7475.2292671041,7896.95148253786
"149",7716,7481,7479.72093741894,7439.02132549373,7796.72292177322
"150",7455,7046.5,7020.77139406426,7025.85702446755,7230.76619193395
"151",7453,7453.5,7486.20314265667,7466.18043646581,7741.08317929743
"152",8902,8228,8199.37403910941,8120.34617005348,8915.20945071572
"153",7766,8437.5,8435.85947428803,8388.49610317466,8542.54423134036
"154",8430,7976.5,7907.36148246108,7946.37344112139,8239.85398380668
"155",7185,7559,7543.92055003293,7530.31073491748,7568.02537026529
"156",8482,8509.5,8503.54726481889,8475.52117854956,8623.12892676895
"157",7652,7684.5,7662.8443547726,7661.74234227338,7948.0209630366
"158",7044,7640,7621.68571675802,7614.48454906547,7942.64147547131
"159",8504,9086,9069.50775818855,9106.72490007146,9335.17252978613
"160",8039,8007.5,7999.46704682005,7992.77316943184,8192.8647821271
"161",8921,7570.5,7537.70791480794,7557.81595916551,8275.0195996562
"162",9202,8981,8941.2055896004,8907.51655105714,9273.21965268419
"163",8850,6915,6922.65453066556,6908.50877030302,7181.89945906976
"164",7924,8296,8261.1390962214,8272.74126828814,8578.10566007659
"165",7570,7984,7942.77324370487,7946.45857410247,8257.5732543734
"166",6947,8405,8373.5512463387,8363.22739712797,8303.00624785773
"167",9699,7197.5,7164.70290334569,7151.20077732637,7563.76066725118
"168",7378,7731,7685.90128382667,7686.24028667332,7985.91417931324
"169",8316,8133.5,8116.80182061504,8111.99457106359,8412.77436819324
"170",7705,9169.5,9175.54857977392,9126.74281165605,9334.08924020217
"171",8329,7642.5,7586.58361321972,7569.15523246734,7839.53657717292
"172",8412,7667,7601.8302308227,7574.2172309398,8164.60438777257
"173",6610,6080.5,6080.08556496548,6035.0245133173,6344.98448085169
"174",8035,8278.5,8247.00244275351,8239.28119747266,8328.87702120371
"175",8557,7758,7741.37082464845,7718.63844342228,8016.6567064514
"176",7844,7914.5,7888.99226040046,7936.60431267526,8033.01072301173
"177",7139,7573,7524.41546005137,7534.28299564416,7612.62342146851
"178",6541,7703,7659.44028816997,7634.82353061345,7765.71547421383
"179",8228,7512,7487.8720650051,7497.31608414266,7759.87353290186
"180",7722,7777,7777.57508915391,7740.3077924179,8134.89221391542
"181",9034,8514,8525.8007501286,8467.58627990793,8684.83996063509
"182",9313,8642,8635.16685586278,8619.14626860944,8943.78703847429
"183",9583,7664.5,7647.48389149994,7637.77251178405,7816.30711677403
"184",6748,8158.5,8115.46098969858,8131.53783509205,8107.84430080743
"185",10019,9060,9054.18899330621,9061.71481214317,9513.41665567082
"186",8010,8550,8516.60616218408,8540.76184274803,8650.99005533855
"187",7385,7502,7482.32299151936,7442.68174317359,7678.62343107169
"188",7904,7642,7606.06905245334,7607.24866276708,8241.60779780503
"189",7463,6745.5,6725.42508501792,6716.04313704433,7243.91925634761
"190",7003,7570,7557.11897852114,7540.33211617553,7774.70657051574
"191",6749,6575.5,6555.97615992931,6560.8163568213,6817.61210226071
"192",7736,9154.5,9107.59009367789,9091.50931746144,9620.40545298388
"193",9745,8138,8086.76073300579,8115.72649146886,8810.46633314249
"194",6826,6379.5,6391.97641990579,6403.50512606863,6700.20169840254
"195",7160,6570.5,6537.4172751813,6540.59556710748,6664.92850942664
"196",8003,8384.5,8315.10661228787,8309.42926547222,8590.66986499573
"197",7801,7829.5,7815.68768127739,7869.87108705616,8137.10424601439
"198",7936,7925,7877.73049057816,7872.53797010447,8413.44704929113
"199",8777,7875,7823.22927398287,7811.03632778987,8211.18039547811
"200",8523,8095.5,8059.89457471007,8047.95852139964,8372.50183613981
"201",7247,7751.5,7758.85679190777,7762.72453115535,8142.73816025536
"202",7806,7302,7279.32129156751,7284.94801013176,7662.43116618805
"203",8785,7802,7829.29114013743,7781.9572350671,8330.55696001792
"204",7411,8147,8131.57356233011,8115.59550992654,8260.74593693625
"205",8903,7803.5,7765.32333837465,7739.41926095871,8405.57301091156
"206",7610,7349,7283.08197791559,7281.76143604851,7377.1358366999
"207",7937,7332,7297.28561710573,7288.33599769151,7877.17853210548
"208",8357,8741,8717.73662193752,8693.07331090129,9117.87263588292
"209",7616,8393,8348.11539686048,8317.03893632699,8726.29059185647
"210",8604,7845,7798.42530295729,7793.35225494963,8067.73293272226
"211",7430,7762,7712.15323785903,7666.40678943762,8242.35433075154
"212",7930,8168.5,8142.47054535207,8117.53661295141,8368.37098050721
"213",9508,8002.5,8006.83860453263,7969.45677767425,9043.87735779557
"214",6999,7590,7586.11213840038,7543.92518023219,7902.59773690318
"215",9575,9033.5,8944.64209528969,8931.22419225709,9841.48652243767
"216",8429,8646.5,8575.74148796369,8528.28207961809,8864.83109878653
"217",7734,8168.5,8124.1552901947,8113.13983884606,8488.71833640536
"218",6666,7025.5,6985.21892170141,7003.52924612426,7050.30351405226
"219",7968,7228.5,7201.22751029505,7199.28381581734,7427.99053989583
"220",8043,7964,7944.29432622861,7918.65537540837,8012.22528983303
"221",8260,8334,8301.14168502515,8298.97443397824,8705.74410125326
"222",8386,7387.5,7345.92822602003,7317.37353581598,7763.74333393245
"223",7227,7242.5,7241.40206746016,7209.60107642302,7662.46512323508
"224",7292,7514.5,7472.26688200078,7443.41215737546,7691.99631920995
"225",8992,8050.5,8020.88149707271,8008.53903910993,8418.91889076235
"226",7941,7901.5,7883.20756580445,7894.99741524564,8119.75141901901
"227",8306,8516.5,8474.11521120676,8477.15173463074,8575.29678860866
"228",7588,7733.5,7708.69093059227,7707.26896373716,7728.284242736
"229",8199,8062,8025.09772105743,8028.91069010343,8285.80357585497
"230",7297,7855,7812.41899075151,7780.45296093737,8021.45068225851
"231",8496,6983,7002.06691278329,6998.30715176772,7299.01795938925
"232",9349,8899,8892.44733099057,8873.80456443021,9190.98278465136
"233",9553,8760.5,8730.11068232415,8711.54297222875,8995.23471255128
"234",6992,7515.5,7491.42944458227,7503.36545428691,7559.04426018689
"235",7971,7663,7659.09260111688,7616.97877225272,7990.46934370344
"236",8205,7051,6994.66324678496,6973.93225606223,7463.2074265738
"237",7917,7949.5,7929.24406032017,7912.63602969423,8227.34045383852
"238",7716,7774,7760.25512491283,7745.02175942661,8141.8171949228
"239",7034,6330.5,6300.71187843324,6295.11625833847,6687.71967360024
"240",8178,8398.5,8355.26122453159,8319.24263849442,8577.68661075887
"241",8032,7684.5,7646.58894003153,7642.61244489664,8069.02249982386
"242",8724,8938.5,8880.83420784812,8861.75119931162,9443.31787921398
"243",8414,7864,7801.84676027254,7796.47751730719,8597.57353247747
"244",8569,8080.5,8017.17003856571,8028.58542044296,8639.91717925289
"245",8245,9344,9240.40787378777,9215.29362486924,9189.74057115066
"246",7940,8081,8070.0084028412,8028.22031442507,8342.59568916233
"247",8214,7507,7440.39077510612,7417.47575589503,7831.46974203476
"248",7833,7009,7006.46997560273,6998.70402960442,7302.48086705955
"249",7160,7383,7369.19359004203,7334.3643990569,7597.05294221177
"250",7461,8382,8358.03304593311,8315.82654830923,8251.72588344513
"251",7217,8451,8439.27793653699,8413.18764198181,8731.92812535381
"252",6454,7274.5,7263.54909814153,7224.78013340819,7543.99778748188
"253",7123,7113,7062.47717300259,7068.0396976016,7364.75295154524
"254",9159,8260,8196.8366573216,8208.86565493596,8931.2326651174
"255",9584,8862,8846.94572912652,8834.94492927832,9123.80804051218
"256",7074,8711,8664.5819137963,8635.1399888141,8617.67959994065
"257",7732,7682.5,7643.79018936371,7650.11632491107,7867.62880790362
"258",7280,7995,7958.30276546343,7955.81456995918,8287.04241638686
"259",10485,8229,8190.83739130811,8233.62344966259,8426.06141140753
"260",8222,6786,6766.45567125145,6739.82263172732,7110.66976897701
"261",8238,7611,7581.00993547235,7576.62372114191,7969.21153209283
"262",7205,8064.5,8042.88602262438,8022.65623196455,8139.2072967412
"263",6792,6971,6947.06676355471,6943.26328625495,7273.641090035
"264",9149,7364,7336.32803273224,7324.6981565053,7779.14765454901
"265",8165,7750,7748.88440520343,7740.77944965626,8062.49111051129
"266",8190,7461,7459.51173656518,7493.75294521881,7673.39449666677
"267",8210,7913,7804.87769700692,7835.00831345839,8282.20546946213
"268",7622,8230.5,8190.18300121722,8172.84124140167,8476.84963957767
"269",7743,6960,6940.57430063015,6918.49892871263,7514.66405133252
"270",8290,8795,8687.70297336435,8723.24409324291,9275.22996021281
"271",7484,7848.5,7803.61746364111,7822.40392592365,8061.86249873296
"272",8370,8569,8525.30323414513,8517.49657196852,8813.96930500375
"273",8689,8258,8233.23872617319,8230.86196711464,8678.35522151687
"274",9482,8385,8377.43398569978,8334.48817393115,8805.04447750836
"275",9115,8084.5,8037.32874222942,8014.7247030012,8651.90621558203
"276",7086,7529.5,7489.01541313719,7486.5588598095,7743.12534414809
"277",7459,7927,7939.09379018061,7937.61758607644,8043.04696366451
"278",8261,8468,8440.27654871326,8440.00370927958,8552.75474002161
"279",7068,7532.5,7482.87054420321,7449.04801306107,7760.40478364978
"280",6809,6469,6427.33513145935,6394.79236884993,6639.05340460819
"281",7703,7733.5,7710.52239952928,7678.53433308567,8068.38815804642
"282",7895,6677,6670.97899321118,6631.54575548781,7328.94925973424
"283",9948,8626.5,8621.34748959834,8611.83949983363,8871.65041860664
"284",7020,7878,7839.4523440178,7786.62727968255,8143.949030155
"285",7009,7496,7477.61782279872,7469.5952535031,7515.62012956261
"286",8817,8545,8435.98517740453,8449.12283113918,8786.61441270528
"287",9198,8880,8838.13498139946,8829.80327135507,9087.12828412504
"288",7915,8314,8312.39007033494,8323.19857061045,8622.81861545899
"289",7853,7900.5,7901.90203712008,7878.96928574617,8171.20804108072
"290",8868,7937,7880.89620855179,7865.86483523462,8327.54397387821
"291",8599,7986.5,7927.86079229719,7935.93388219928,8130.5429639421
"292",7838,7961.5,7947.70856356369,7930.53925175095,8159.94317813595
"293",6641,8191.5,8130.326071243,8151.17841077598,8381.38086923966
"294",8009,7373,7359.46413446969,7341.6094735151,7533.37938069432
"295",8150,8479.5,8447.01837210228,8418.43439140756,8736.70899673631
"296",8105,8939.5,8900.55366721117,8894.20267367547,9171.55952524281
"297",7000,8547,8546.5339987647,8497.06670990746,8762.61974313349
"298",8881,8679,8649.12833785706,8601.93135582789,8939.96360615404
"299",7425,7197.5,7153.32670669304,7140.27389314633,7543.63079941565
"300",7490,7883.5,7853.01868542912,7834.43078616126,7836.60826606407
"301",7735,7249.5,7256.62786765537,7218.64289869207,7762.68541640415
"302",6637,6848.5,6815.33504321606,6806.45817606495,7029.9755861896
"303",7403,7635,7601.40958683754,7611.47412144425,7958.64858011702
"304",7736,7960,7902.9080438442,7885.89178582323,8334.23368509881
"305",8018,7800,7739.04902252999,7758.56263855257,7876.58078186323
"306",8389,8275.5,8233.73281762319,8237.54140118387,8535.04485033805
"307",7733,8379.5,8333.90843172204,8310.56874653435,8681.59825458677
"308",7710,7879.5,7850.19679156919,7819.46823090761,8011.67949801167
"309",8089,7925,7858.90043666949,7825.86437743755,8252.77432559592
"310",6829,7264.5,7209.41731293317,7196.93277922009,7465.04703443601
"311",8058,7537.5,7527.16588356194,7471.22145992837,7809.12314279945
"312",8499,8289.5,8191.02151970861,8191.34401480026,8848.08729907956
"313",8786,8270,8238.77608869735,8205.66450386027,8589.53114459728
"314",7654,7311,7302.94788799253,7278.70277125473,7649.51713810794
"315",8350,9343.5,9288.95667827467,9257.25641028001,9597.8021977453
"316",7850,8832.5,8787.23480731582,8753.89115464527,8796.18814483662
"317",8133,7782,7759.27844454843,7711.76103258322,8128.55371850766
"318",7163,7608.5,7574.73681313545,7537.78548041653,7789.26027905018
"319",8460,8071,8077.30559332786,8073.06949669483,8266.98230401061
"320",7781,7503.5,7499.0639152151,7509.59856872991,7790.37358728988
"321",8692,7143.5,7137.0578243375,7130.91575373522,7605.87798258573
"322",8156,7507.5,7444.24081534127,7415.22375211281,7745.95434207324
"323",7593,7479,7453.15299169562,7449.74083586712,7685.76881491161
"324",8073,8190.5,8168.58776575567,8138.84005201281,8470.41280884511
"325",9030,8373.5,8364.72379692167,8338.41417062684,8647.22304021637
"326",8610,8408,8394.82898211058,8332.8644333243,8742.78737535191
"327",8518,8041.5,7989.5791587944,7953.7051179561,8462.74467024679
"328",8548,7838,7829.86153459998,7810.918148131,8063.78061891514
"329",8877,9115,9072.79760224456,9084.44755025904,9319.77448145723
"330",8785,7820,7841.93023225957,7787.97887832603,8293.90930741951
"331",8563,8533.5,8509.12849199868,8517.4463387168,8723.52727349703
"332",7724,8056,8006.85621329437,8010.02996886781,8157.2505153801
"333",8790,8239,8213.01482343008,8188.75746632444,8506.53899606617
"334",6712,8229,8118.54188286776,8112.6617277632,8292.13964652831
"335",7655,8164,8142.46783339764,8142.0527573762,8429.61321771125
"336",8298,7315,7297.95212501555,7259.144772956,7821.69518220962
"337",8672,8443,8405.33893304307,8359.3208039853,9129.41247070713
"338",7945,7266,7223.5978391708,7222.90898691337,7755.01131835201
"339",7591,6541.5,6503.60976443413,6485.4711221133,7017.33936450322
"340",6027,6900,6854.83526885695,6858.71249955756,7104.4618451581
"341",8215,8096.5,8055.36331871403,8026.6934452112,8383.57573898214
"342",7976,7548.5,7524.40270275944,7528.27140177182,7749.44663928039
"343",7510,6960,6889.96827672046,6886.11360703694,7403.02928241848
"344",9203,8300,8222.26994863683,8207.52311744534,8830.73419390387
"345",7807,8147.5,8184.2949681433,8157.84652073751,8628.59037691083
"346",7674,8819.5,8767.71871899238,8760.20276390778,9083.40761854477
"347",8594,9020,9006.14467521121,8998.1037653678,9481.04811250508
"348",7565,8314.5,8277.98154530969,8254.43854041173,8406.99923096431
"349",7251,6863.5,6837.357303954,6806.48150564541,7270.77068595505
"350",8467,7768.5,7747.31693097574,7735.839289092,8098.90410421807
"351",8093,7151,7125.21108397399,7139.69392093269,7422.44535463724
"352",8643,8246.5,8222.39056538049,8227.05655747074,8474.12513744735
"353",7453,6967,6947.92245712989,6925.36918256298,7205.69612595034
"354",8114,8845,8846.59835887732,8838.08553309381,9031.9992251403
"355",9355,8514,8524.00703605318,8484.65313012884,8667.86159960568
"356",9518,9054.5,9003.85019072762,8967.25267516997,9692.35713706018
"357",8322,7333.5,7300.16976129699,7288.03605222773,7459.20106914504
"358",7745,7864.5,7848.53855946231,7823.70238012711,8458.05616792338
"359",9413,8777,8707.3445541107,8716.40302137711,9302.16508350529
"360",7043,7057,7003.48263914299,7006.02980410732,7225.55145973601
"361",7196,7060,7038.62235886846,7026.57561082763,7243.83816867662
"362",8633,8517,8461.17605482191,8481.06285157068,8904.29151536091
"363",7799,7072,7019.61594502745,6993.13566380169,7482.84581537647
"364",7379,7637.5,7620.38905805563,7596.99743290928,7856.9095436847
"365",7921,8077.5,8023.54686102837,8005.0906903983,8146.49798428245
"366",7931,8853.5,8809.12162351141,8780.64263084091,8943.50804318674
"367",9118,8316.5,8279.22149058722,8282.83581010382,8498.53673905233
"368",8964,8565,8530.93679981273,8475.21839834695,9103.52845919765
"369",8286,8680.5,8653.91823979432,8622.90438209929,8649.11058952474
"370",7266,7599,7607.32258996606,7572.43376147131,7751.37864042075
"371",8877,7958.5,7952.10531699711,7941.12444684043,8418.93460794898
"372",9172,8949,8870.58514516453,8867.11356082908,9428.56021185116
"373",7407,8134.5,8098.74152259735,8069.49250585088,8475.49259661938
"374",7675,6477,6460.39099833107,6458.74263118137,6835.82785976826
"375",9389,8321.5,8280.68273394192,8267.91200051356,9066.44710451787
"376",7769,8326,8306.73602581041,8270.69306636496,8546.41710109012
"377",8269,7628.5,7575.12794298813,7562.64684210534,7807.26299308085
"378",7708,8302.5,8308.4670282112,8294.9133728825,8619.5632039385
"379",7825,7876.5,7802.75807967019,7796.94965643722,8122.86705114773
"380",7522,7507,7476.3838977376,7452.24927951773,7668.0023729661
"381",8177,7782,7753.07023913864,7740.1212975048,8147.34163065501
"382",7451,7111.5,7074.88463737223,7090.03009622999,7156.31580134799
"383",8879,7816,7775.43869708813,7735.583408667,8127.79822440297
"384",7017,7235.5,7214.591135178,7185.55658830035,7579.28624307431
"385",8261,7997,7944.68393026802,7948.78384553921,8338.71725066693
"386",9043,7838,7815.98876368544,7825.76908073124,8457.93871006268
"387",7164,6169.5,6138.60579712069,6120.40366182171,6480.16505776192
"388",7365,7477.5,7470.97710079676,7453.07859361164,7647.58762752745
"389",6886,7533,7512.77811636542,7501.91379798828,7754.9088550718
"390",8852,8161.5,8085.87936995279,8062.43600069784,8397.9288960423
"391",8798,8705,8650.05243842901,8666.02840156853,9308.64999491129
"392",6737,6736.5,6699.04256100799,6698.80461825771,6926.72232340849
"393",8236,7820,7793.62397860169,7800.46930463688,8126.80081472419
"394",6309,8208,8190.38849657802,8185.19771841387,8181.54227715542
"395",7019,7815,7782.16843510124,7734.27123417054,8164.69202845198
"396",8236,8013,7950.39021025174,7959.34460664578,8432.66897330753
"397",7990,7128.5,7083.648302387,7071.4373047994,7356.19126008329
"398",7586,7792,7758.92895547742,7770.81945803003,8114.83185389717
"399",7344,7852,7803.9934613887,7810.05768933432,8142.6632417214
"400",6938,7133,7108.58878687599,7137.16869657482,7257.76672900429
"401",8223,7535.5,7459.1833485201,7492.92584628975,8023.21333259523
"402",7804,7260,7209.08114787094,7212.46971594409,7667.52829103925
"403",8834,8080,7999.37934299558,7968.33604167075,8658.1064055606
"404",8627,8187.5,8165.38467680028,8136.08643931177,8623.81445927717
"405",8248,7805.5,7769.82315477947,7728.26332599681,8141.23759553408
"406",8080,7791,7762.47697397439,7752.31448321417,7999.13371674603
"407",8239,7731,7711.27331095442,7696.01824084399,7933.96025225603
"408",8407,7799,7772.57302373841,7766.86554545128,8535.03038337085
"409",6547,7652.5,7652.3285861058,7648.50893386013,7778.36197062444
"410",9779,7998,7953.93643771259,7969.68193078343,8612.86576679075
"411",10078,8967.5,8935.35771872462,8902.76807187507,9586.46381649311
"412",7806,7506,7505.62545684477,7475.06049123702,7904.57962934827
"413",8937,8748.5,8720.45325753179,8736.15286773723,9253.7013402116
"414",9186,9824,9768.91564310663,9799.61590169921,10033.3075355778
"415",8197,7476.5,7474.77130688905,7476.61159611287,7684.48917199694
"416",8750,8332,8274.68799073204,8249.62319200194,8585.82095008991
"417",7653,7617,7592.05985035984,7575.65677696588,7930.40679162518
"418",7579,7265.5,7221.50858401679,7214.24592699101,7432.49606293269
"419",9432,8316,8245.06332123947,8209.32302337362,9139.82866320395
"420",8326,7466,7488.62252211115,7453.83272067618,8070.5724682165
"421",7180,7912,7895.18343581118,7873.46301778286,8091.06578690199
"422",7927,7876.5,7854.08327353498,7866.35752386403,8028.39431694108
"423",9390,8795.5,8727.36787390205,8753.49459916017,9351.26592719304
"424",8075,8251.5,8214.83852058373,8216.91038799447,8599.01587470055
"425",8511,8906,8866.37270394774,8838.7637504799,9140.18451348857
"426",8406,8049,8020.38193148411,8000.24669706293,8760.78229475765
"427",6697,6696,6702.22437928999,6667.58543100364,6891.96520535386
"428",7052,7231.5,7180.80851744746,7163.45358252979,7356.20185868268
"429",8013,7249,7233.28717035641,7186.76576827711,7847.03907133189
"430",6773,6719,6691.06710934939,6646.96889958501,7020.81638771812
"431",8526,6356,6342.92376714509,6301.32757279779,6846.44432058526
"432",7175,8039,8006.93466006756,8007.15813781837,8079.90878325935
"433",8098,8213.5,8153.4542387028,8150.50200076379,8812.724028796
"434",7568,7604,7532.83973995164,7572.19645674388,7792.11359572023
"435",7839,8395,8398.58404537292,8402.84540186308,8543.54670421885
"436",8588,7655.5,7622.02960916406,7622.95088267913,8161.19750774056
"437",8085,7947,7899.25143687303,7877.25472252037,8250.32529403136
"438",8559,8939.5,8895.8049195429,8900.21297379602,9232.67220028482
"439",7237,7833.5,7794.28950027228,7777.10301111492,8010.97560592897
"440",7161,7548.5,7515.8361076298,7498.8251859043,7872.6857696287
"441",8107,7036.5,6977.54342045767,6977.25367880612,7229.96850758042
"442",9268,9079.5,9024.50824888894,9027.26310226685,9346.07849974735
"443",7559,7665.5,7652.67640419725,7651.45116446929,7918.93226434005
"444",8766,7913,7874.0741391679,7884.79426093153,8248.40041747524
"445",7975,7451,7430.02255426844,7414.84888339412,7774.0956355453
"446",8596,7576.5,7556.63429220398,7539.75765202702,8071.42006218743
"447",7912,8478.5,8441.39613955022,8439.49914501065,8893.91301200919
"448",7110,7573.5,7541.83566567231,7513.57445015823,7649.13354832785
"449",8387,8328,8252.8235251352,8257.99261116453,8981.72973492126
"450",7879,7826,7829.04468281201,7849.8712361426,8040.92100032566
"451",8946,9082.5,9056.63974935446,9031.39290701273,9216.51739934429
"452",8307,8095.5,8146.40102696136,8054.26527172705,8952.61882609761
"453",9353,9067,9010.37490574015,9021.41325377411,9223.48550978168
"454",7408,8103.5,8085.91942889326,8077.04497651415,8133.77924283765
"455",7523,7719,7696.77126647851,7677.25495265743,7910.03001120296
"456",8125,7561,7554.99774340749,7562.29331186434,7991.34597049703
"457",9153,8264,8249.32932841533,8220.33610871178,8763.89774654439
"458",7955,7980.5,7963.30263826578,7940.71043602762,8300.59803101349
"459",8365,7713.5,7707.91445041392,7687.86180307432,7962.18463436421
"460",7353,7481.5,7464.96411081553,7456.96064734473,7583.8615646811
"461",8601,8939,8893.95295850693,8910.211185174,9538.05869064998
"462",8458,7259.5,7226.13121348026,7193.38595394309,7720.71506423553
"463",9708,7212.5,7202.1477984073,7179.81047983228,7868.81652249411
"464",7362,7720.5,7721.8024862912,7711.34368183622,8085.36285753207
"465",8548,8918.5,8901.710109691,8909.74388143299,9148.68165490024
"466",7432,7060.5,7035.59487299645,7029.54674737113,7282.53549588341
"467",8392,7389,7358.85068767212,7337.84558948732,7499.29426980759
"468",8547,7411.5,7383.40560738364,7451.77945807938,7667.26247104249
"469",8026,7583.5,7560.39430998584,7534.5491137396,8043.93562344789
"470",6605,6390,6365.29927594283,6383.0826490593,6557.91404467191
"471",8225,7676,7647.77091881559,7644.14619923267,8102.73208711958
"472",9253,8452.5,8437.14529570022,8419.71617307492,8484.36167368927
"473",7661,8086.5,8062.7719159479,8018.87210393758,8426.58642835031
"474",7773,7907.5,7879.3079900349,7842.60677979064,8139.77806169022
"475",8054,7822.5,7780.59015987786,7766.79679603001,8363.28195706713
"476",8029,8167,8132.93852304155,8130.64081255182,8452.17724374541
"477",6776,7791.5,7753.96134150009,7735.50676276959,8192.25561921092
"478",8157,7706.5,7631.92594944089,7625.69284862376,8254.8970509898
"479",7068,7639,7631.87469149281,7600.79713685433,7845.46660941874
"480",8564,8069.5,8030.01750982779,7989.45333558846,8068.37353134143
"481",7834,7809.5,7772.71358220807,7755.77239890664,8068.97226700585
"482",5396,6672.5,6655.54083539266,6654.38593843065,6738.88683092778
"483",9254,9693.5,9617.98860491072,9597.01316983202,9977.03685797464
"484",7614,8846.5,8806.91931193998,8768.93553177353,8889.86950362023
"485",8870,7953.5,7956.61599510851,7932.99376676066,8302.75175273212
"486",8078,7821,7793.17465089633,7770.83012025533,7931.41986886024
"487",7546,7810.5,7808.79577857003,7787.47877662758,7995.29716114246
"488",8277,8731,8710.75892604255,8704.76022104202,9115.40407729479
"489",7886,8061,8050.33618054199,8076.5648011682,8218.63223913718
"490",8125,8129.5,8160.16279720478,8109.5250391126,8501.52612358867
"491",10310,9035,9059.13971145677,9024.36323269567,9667.64201181282
"492",7385,8821,8775.96401427631,8789.5773710893,9034.07380235565
"493",8668,8197,8158.0506157565,8132.33541590277,8344.15499571067
"494",7866,8588.5,8567.19758630523,8581.5946816501,8716.43446336601
"495",7399,6900.5,6863.05545342241,6858.24857335342,7133.89438892157
"496",7489,7221.5,7211.93889879288,7188.13075076661,7466.52052360031
"497",9257,7624,7575.3971708727,7573.06020918988,7865.97994250606
"498",7586,6723.5,6702.24152783381,6699.63511252224,7031.42110729124
"499",7076,7888.5,7868.32877452842,7865.22337831002,8099.06893193798
"500",8961,8381.5,8343.90519766203,8332.68055035369,8659.35921235412
"501",8419,7895.5,7886.00543388865,7886.61165349986,7889.22887243053
"502",7844,7859,7840.12159926189,7839.87910161419,7682.40124215251
"503",8291,7533,7510.62867125828,7502.72740736198,7882.52999850352
"504",7930,7199,7179.54125506346,7208.29217605022,7676.7210410072
"505",8010,7835,7787.75830475233,7788.0300795147,8148.94420481499
"506",7009,7192,7178.13868948182,7162.59224164688,7471.65907500741
"507",8238,7728,7722.43108852959,7689.17765274202,7929.92751381319
"508",7730,7532,7507.87813103972,7483.19677480502,7929.89070267322
"509",7542,7050.5,7055.53605523575,7067.32139111986,7255.17569695367
"510",7651,8465.5,8417.1736795002,8392.03132072977,8699.38730796666
"511",7494,8006,8003.8443275129,8001.28107504055,8206.50618027075
"512",7856,8149,8142.69814211989,8148.39972212712,8463.74423595883
"513",8388,7093.5,7053.3035513304,7045.98332350888,7438.22207637836
"514",8450,7959,7936.59072357744,7960.09095723403,8499.37009245357
"515",9124,9108.5,9073.04681873786,9066.43541652447,9329.7897937646
"516",8713,8491,8472.26068983651,8432.51353007183,9021.6519907623
"517",8907,8692.5,8661.5467688341,8626.29204852356,8815.88640021761
"518",7213,7607.5,7558.92609750925,7548.69844011148,7651.23576341739
"519",6850,6978,6951.52704737875,6935.56771346788,7090.42970514003
"520",9650,9678.5,9574.04413740072,9581.16089590851,10187.934926459
"521",7730,7184,7172.20508514248,7184.3947446452,7529.47129338076
"522",8339,8204.5,8187.99201444876,8168.35139542672,8497.45042909231
"523",8114,8137.5,8092.71105231154,8119.31399795746,8601.29832556754
"524",8410,6870,6841.66679280546,6854.83117555613,6984.37274674113
"525",7383,7289,7238.06711068386,7245.69663735615,7765.67526988365
"526",8104,9218,9173.88517748645,9161.82240070614,9523.62109257805
"527",8051,7189.5,7176.79300071093,7145.10801926271,7560.92364347221
"528",8360,7497,7479.28463390281,7475.19793290023,7665.92752764968
"529",8220,7735.5,7703.08532303439,7690.24194589635,8144.44082853781
"530",7117,8777.5,8722.07785042523,8716.15466008302,8957.17538139543
"531",8340,7795.5,7808.26492157696,7793.32136427484,8190.72355597303
"532",8676,8554.5,8540.97842578271,8531.26908511839,8879.3648304733
"533",8363,9167,9162.70040323027,9114.72569410523,9826.83960042459
"534",8367,7484,7455.01722959825,7413.32971336046,8041.24353625888
"535",8042,7363,7315.17014707181,7310.44751841678,7782.81136000832
"536",9579,9131,9103.40109853668,9103.2470887439,9448.9573083621
"537",8209,7457.5,7419.00296964023,7403.22627164002,7789.81888359793
"538",8820,7830.5,7798.66151741643,7786.11522876569,8226.65589196423
"539",7995,8789.5,8745.26989888025,8746.91043088005,8991.28183407153
"540",8101,7394,7354.55216930732,7354.30788377179,7633.63467897179
"541",9154,9081.5,9062.47784286493,9005.75462954529,9428.86942845497
"542",9094,8399,8422.98093607433,8393.15395389289,8604.07463777682
"543",6660,7527,7514.07653055142,7511.31188106412,7797.18987940797
"544",7271,7697.5,7704.93089494561,7685.82216551461,7836.52378388324
"545",7666,7379.5,7328.37651754658,7315.83752897528,7675.21590501668
"546",8442,7501,7463.81350341703,7467.36181811156,7982.72284142858
"547",8920,9139.5,9105.03505016402,9081.88225160002,9411.13317542764
"548",8757,9412.5,9368.5614983246,9377.21911521116,9584.67738663954
"549",8321,8763.5,8718.2267494907,8729.55829572692,9101.49617263887
"550",6726,7281.5,7273.23324943382,7261.60485458838,7361.57112683745
"551",8076,7868.5,7823.68587882935,7801.13817286548,8294.73362720673
"552",6852,7101,7087.21492379455,7063.66624385274,7201.21439702665
"553",8373,7928,7879.21775100869,7891.78168787253,8164.58471495729
"554",8749,7676,7643.97630605863,7686.90168109218,7910.14108500176
"555",7043,7875.5,7860.10623939323,7858.42586002039,8164.74279653721
"556",7424,7049,7028.10776856266,7018.71938641752,7304.72828342039
"557",9026,8121.5,8071.75642760014,8096.17979785887,8643.86357637268
"558",8159,8250,8229.14128751919,8168.36456162925,8549.12430134435
"559",7420,7141,7088.38736290762,7088.45679268036,7743.51410026154
"560",8269,8526.5,8504.17669008473,8476.54504983389,8734.51258891932
"561",7673,7337,7279.92135424662,7264.83422380669,7587.79045780895
"562",7574,7261,7242.46683070066,7247.41115930515,7706.34800837962
"563",8992,8609,8573.77276088288,8606.51897161189,8902.74858472247
"564",7127,7043,7023.16659970315,7004.03262215423,7367.81459492608
"565",7174,7361,7347.68986047918,7361.23807260187,7540.04474040215
"566",8570,7600.5,7602.41292929688,7565.18436117714,8052.48841870437
"567",7442,6807,6769.76695719987,6726.41916572267,6986.01268077055
"568",7105,7617.5,7572.3276817911,7578.02380294059,7798.75079493044
"569",7701,7511,7493.35805528843,7459.03995654025,7976.37299897074
"570",8575,7999,7972.90975056853,7941.71171757215,8499.92870207218
"571",8934,8128,8122.39316866874,8114.72104238581,8662.41538997518
"572",8868,6864,6823.31284309728,6838.51151810446,7491.19150788387
"573",8323,8137.5,8103.22218208279,8080.00877798385,8446.91560246833
"574",8431,8650.5,8593.45516044506,8606.85175113104,9057.76991475304
"575",9315,8782,8746.01915853409,8740.07146002478,9201.53035190381
"576",8413,7500,7459.12118985172,7435.56441256901,8064.97787456466
"577",7122,8446.5,8400.12577442678,8406.41120292848,8561.57531780761
"578",7745,8011.5,7985.15814675179,7962.23394089967,8061.86078235374
"579",8007,7730.5,7688.97812564011,7710.52386844542,8003.94371435401
"580",8617,8291,8263.2026595678,8247.51072180338,8582.47854422363
"581",8752,8659.5,8636.62711483398,8622.6203291871,9119.81598919509
"582",6687,7416,7361.6185886166,7343.6469040855,7725.82622277841
"583",7605,8473,8414.04683110701,8375.38575437758,8649.91398786851
"584",8439,8480.5,8465.81241586795,8438.07373185916,8996.87292683667
"585",7652,8387,8383.32164796107,8370.65448096189,8569.49189237992
"586",7968,7487,7449.20357789218,7423.12383235379,7760.05104512589
"587",7456,7881.5,7851.75279053695,7824.4666107225,8278.883329235
"588",8155,7308.5,7288.43498519628,7265.82500161266,7580.91567747619
"589",8384,7490.5,7455.23468487199,7462.42860298274,8022.06952905937
"590",8049,7856.5,7837.66428844494,7845.62325465317,8065.63413699979
"591",6996,7171,7141.82986655876,7128.35773663641,7616.66246163059
"592",7925,8268.5,8215.66661878909,8218.02084774857,8687.70824663179
"593",7736,7085,7071.93815486096,7081.08347065664,7357.91187247286
"594",7814,7682.5,7679.32101805002,7676.24806707105,7868.44416186638
"595",7939,7920.5,7879.16349636768,7876.95626424212,8268.59546253217
"596",7301,6776,6765.55035957984,6783.8841968856,6975.6200971608
"597",7356,7222,7179.80348045147,7150.58582300984,7526.15640358014
"598",9039,8591.5,8563.93294995992,8559.74086336266,8842.4021468978
"599",7754,7863,7809.23342231515,7795.54082774766,8237.83357949453
"600",7411,8337,8305.19255503912,8293.20510029019,8434.47957101343
"601",6821,8531,8455.75320320257,8428.69089327386,8801.75089672803
"602",9568,8889,8828.93624920816,8825.52017693068,9173.11389733983
"603",9085,7821.5,7805.51422551983,7796.55222309718,8379.53254145704
"604",8637,7959,7920.91580974741,7926.19840748737,8213.52386335566
"605",8623,7829,7734.08573021257,7726.96041751782,8510.45179666516
"606",8892,7707,7684.59451281734,7664.15189416983,7911.48965761588
"607",8536,8366.5,8323.40675444184,8293.6065835372,8545.02935048762
"608",8025,7203.5,7161.97396425711,7166.87717863154,7710.8283871378
"609",7418,7913.5,7894.93137593964,7871.75555862593,7964.70573558376
"610",8093,8882,8896.30359630351,8857.30229394897,8994.93054210358
"611",7174,7021.5,6999.68893579175,7023.23540987326,7316.22827616019
"612",7698,7120.5,7042.01112154176,7073.84709285308,7473.01985648302
"613",9893,7861,7837.03902982233,7808.48888574034,8486.26854239048
"614",7835,8412,8380.31024884464,8377.8500159016,8611.68461337465
"615",8406,8870.5,8775.77402239642,8776.5339810704,9201.98371498141
"616",9018,8234.5,8220.7085536794,8183.4972012818,8768.51440787175
"617",7411,7952,7930.76692165313,7909.27806549539,8120.72151784464
"618",8396,8338,8327.66023644308,8293.72313399691,9025.54526711917
"619",10847,9119,9105.32786802111,9101.88627086993,10136.5063748346
"620",10091,7942.5,7931.27327545434,7952.64537648944,8376.33064779056
"621",7566,7162.5,7117.44423170502,7140.46658029795,7290.59613646657
"622",8728,7920.5,7881.46072311791,7852.35704619384,8240.24319052686
"623",7691,6946,6911.77248066913,6921.51195727614,7020.89828032954
"624",7993,8411.5,8364.70300484052,8317.21932059096,8628.55116006658
"625",10067,8582.5,8565.9332573814,8550.95907798203,9090.47499787461
"626",7692,8133.5,8133.28085933157,8105.42742745192,8383.24102756654
"627",7594,7193,7166.31050316172,7131.994996525,7404.82326283851
"628",7790,7285,7235.04030297129,7261.45339386144,7699.37652154818
"629",8529,7963,7964.94957302239,7939.51948967513,8272.84734484004
"630",7718,7383,7359.81839634099,7356.11238754108,7658.97830107224
"631",7741,7268,7239.7162097486,7220.09201061833,7725.4602732636
"632",8465,7080,7017.7010059365,6996.87321928029,7343.30271867441
"633",7400,7217.5,7196.60138539083,7176.71624713008,7562.37625414848
"634",7861,7536.5,7506.22854783194,7503.25887165597,8102.56730874496
"635",8396,7592,7564.28700467343,7562.20088824818,7808.02235882339
"636",8499,9191.5,9136.98215131395,9158.1175497962,9709.29694531644
"637",8594,8739,8710.07384392414,8728.2931004263,9009.32856864265
"638",9491,8628,8599.33486225457,8540.96870533612,9332.81045418948
"639",7674,9362.5,9315.62834216888,9299.44787431008,9229.60762095329
"640",7292,6928,6898.7413039868,6896.47668260257,7117.92042040329
"641",9359,8984.5,8969.11345598608,8975.49140770533,9184.8641094987
"642",7830,7453,7438.99794780121,7408.96724293447,7883.31541257988
"643",8023,7765.5,7724.29573752646,7689.29113285052,8190.87632134336
"644",8607,9365.5,9346.20092537772,9340.76492044422,9562.25912020172
"645",7186,7171,7165.56649847427,7147.14502882367,7303.29253021576
"646",6572,7060.5,7042.03448524979,7013.72984932372,7214.28008763964
"647",8808,8750.5,8717.21483319582,8691.72509435602,9046.73742595388
"648",8053,6849.5,6800.94407337175,6784.57659995746,7114.67047653803
"649",6978,8202,8174.25753015668,8144.88967697767,8490.1329075995
"650",7196,6720.5,6687.75822201508,6702.07912741113,6995.76957797606
"651",8222,8083.5,8063.47697913565,8080.86612859469,8360.54013818886
"652",7508,7716.5,7705.49965285567,7724.35212169948,7943.61746686191
"653",8130,7344,7289.95371850912,7298.08398038801,7653.44321559636
"654",8851,8716,8737.37368887733,8702.94733261937,8937.8021297149
"655",7867,8550,8531.93112335684,8510.75790486652,8861.58213076549
"656",9489,8477.5,8409.25212031634,8386.80405658979,8896.76382696471
"657",7626,8206.5,8173.71713033856,8160.29725957469,8626.88952880952
"658",8685,9091.5,9034.76928732413,9028.57762158595,9292.15454013721
"659",7348,7586,7562.44090682183,7543.74812865569,7760.32571176006
"660",7043,8615.5,8590.28310331774,8581.02088568664,8702.96923276694
"661",7137,7766.5,7746.36478120897,7752.98157172309,7905.62012126894
"662",7614,8148,8137.0806264882,8103.62548754788,8700.0791341314
"663",7920,7834,7828.74340016769,7808.90351620854,8004.55648730126
"664",7115,6894,6874.52445320278,6887.81961000804,7024.78419184618
"665",8489,7948.5,7918.17222160804,7902.39905690057,8284.54741454042
"666",8883,7623,7591.28390502148,7557.492498466,8023.35655927936
"667",7380,7511.5,7475.71448933284,7441.61756308877,7717.15011470003
"668",7337,6773,6715.17477632835,6698.89752476819,7162.48414700153
"669",9039,8271,8229.83617828822,8196.31356076727,9011.58419329814
"670",8510,9270,9197.85056592582,9213.47168158129,9672.54043179258
"671",8889,8497,8422.78418492055,8380.12005329361,8950.58691608272
"672",7288,7056,7059.21873444588,7031.62413091116,7337.05153687174
"673",8069,7704.5,7682.69870522802,7663.59429844287,7938.69422700709
"674",8286,7372.5,7329.39495745103,7303.62316245359,8010.88170571075
"675",8003,7928,7851.26122542276,7882.1545501127,8146.80506157495
"676",7531,8907,8825.97381990899,8842.92005053754,8976.00605695372
"677",7965,7166,7182.87763359826,7177.01101807354,7551.03155956357
"678",6366,7380,7351.72719559571,7355.44280748748,7454.25382442946
"679",7041,6694,6651.09440760285,6648.85637398729,6882.08262091733
"680",7901,7814,7795.46138928439,7788.70167204934,8202.43202432443
"681",7561,8113,8075.35838584956,8056.55528986247,8416.94780151233
"682",7496,7730.5,7712.30403622869,7704.18937111324,7916.40304709466
"683",7268,7542.5,7511.39729555053,7509.50782004897,7561.81352530621
"684",9426,8291,8294.46924127653,8254.05131060667,8709.73089501141
"685",7656,7302,7269.21803217703,7255.54792404825,7639.02752533456
"686",7731,8196,8118.16042598822,8108.78999242886,8385.92857993366
"687",7842,8757,8733.07057643136,8728.11002782116,9000.01308434782
"688",7164,7520,7491.66545359412,7473.60908874879,7651.56902805941
"689",8483,7590,7565.93630174092,7565.02075261383,7739.36718244215
"690",8883,7465.5,7428.1740892092,7456.59796405355,7632.5319594942
"691",7645,7423.5,7401.22197675574,7387.4710628655,7782.21663218793
"692",8604,7253.5,7254.42973268829,7219.40457749012,7469.70389231186
"693",8085,7160.5,7174.14821014287,7192.3406140717,7609.13667104833
"694",7346,7681.5,7674.79335892818,7663.42073322934,7901.41487276962
"695",8182,7946.5,7919.69830332145,7895.43912273351,8323.60789036671
"696",8299,7322.5,7298.42777093925,7313.57538732798,7746.21081630696
"697",8186,7422.5,7411.7423388686,7392.46153361,7692.37556046831
"698",8013,7154.5,7138.50748904751,7106.97207321484,7430.96111188856
"699",9642,7741.5,7743.1086460205,7724.18931241481,8378.33993477701
"700",8612,7571,7497.49410812279,7485.53008201226,7925.85029865897
"701",7821,8146,8131.19970654168,8103.89993181358,8252.85634846541
"702",10011,8626,8626.97977038376,8620.48250906869,9420.36008304641
"703",7580,8303,8270.02464589202,8288.4740127635,8723.80831670383
"704",9075,7798.5,7774.86525302857,7774.59064742596,8320.35790825563
"705",8312,7316,7275.95312963948,7267.00122044109,7760.46333220069
"706",7847,9110,9076.83029133067,9069.24765383701,9250.11186456894
"707",7335,7766.5,7748.21238634105,7744.47202353659,7913.97224685091
"708",8981,8864.5,8848.44392728326,8836.90622623875,8983.56745458646
"709",9676,7874,7847.59876709388,7827.40783114601,8303.25613052539
"710",7795,7973.5,7949.00203991397,7934.14658570124,8219.91117076592
"711",7767,7393.5,7367.69928893757,7345.11676406332,7804.74746115011
"712",8403,7684.5,7649.59248694061,7628.12517463815,7842.6628169474
"713",9040,7978,7921.11562469187,7874.89089185493,8482.75357705283
"714",8138,8206,8193.1247515926,8181.68155575818,8469.23408834833
"715",7503,8239,8210.54573761619,8192.53830621801,8569.03515242206
"716",7935,7069,7042.65103867148,7041.92704919788,7311.18952479781
"717",8248,8079,8054.37082337425,8037.52202693949,8503.75235412044
"718",9938,9875,9830.57032828517,9811.29269179001,10169.8854217996
"719",8070,8541.5,8506.5952545118,8506.66500124357,8885.6829448868
"720",7313,7342.5,7348.34913217408,7326.51530781546,7743.44258457331
"721",8416,8470.5,8439.11227377571,8433.31821685097,8811.33146568614
"722",7756,8232,8233.58338085731,8209.11165029693,8322.10825734193
"723",6908,7506,7476.44391550962,7496.52886880704,7990.02814403657
"724",8630,7600.5,7615.96305277997,7585.08706274203,7814.38592001856
"725",7114,7422.5,7402.84915639083,7392.12842945054,7828.49615166634
"726",7599,8400,8409.90621838614,8370.28828529757,8626.21119688069
"727",7059,7647.5,7632.40540728394,7569.01311453385,7842.84152288814
"728",7541,7795,7775.65369407218,7803.0263012081,7975.74887644006
"729",8153,7366,7332.20061039559,7318.59357428416,7697.67854524674
"730",7487,7116,7088.55761722988,7097.50310651537,7311.41651400682
"731",9204,8745.5,8776.59059331708,8765.38661317714,9489.16579138923
"732",7355,7948.5,7907.16094396377,7871.77898872763,8287.20175798242
"733",7325,8207.5,8155.41646066972,8148.24800376409,8533.39112106975
"734",7333,6950,6938.15966056155,6910.33551151686,7193.26578536627
"735",7694,7504.5,7483.52023137049,7483.7630542942,7788.26131393162
"736",7820,8153.5,8113.07627861769,8118.56425433138,8414.63653863459
"737",7625,7174,7147.10903877432,7137.72040523939,7559.19142947353
"738",6362,6809.5,6773.40656880415,6753.61150138433,6852.48067683288
"739",8187,7589,7542.86324361868,7584.33235175953,8245.19694692539
"740",7538,7553.5,7503.79965926688,7485.62016685883,8224.02911103723
"741",6802,7479.5,7463.78226524175,7435.91549195147,7842.32889934171
"742",6935,6923.5,6916.54387395327,6919.1168863961,7108.06592487505
"743",7720,7120.5,7071.00626487147,7068.74266708307,7371.4725815694
"744",9070,7097.5,7051.50456954364,7052.45874593751,7402.63203805408
"745",7843,7253,7242.34861065681,7240.50766279775,7407.71696332784
"746",8825,7889.5,7845.39628889364,7844.61105385361,8571.51957699392
"747",7595,7932,7931.94010855941,7950.97955640216,8043.44912306909
"748",8440,8212.5,8205.39089677779,8192.58058498773,8537.97514343082
"749",8355,8687.5,8636.91407849045,8645.00205350187,9154.33649958506
"750",8588,8508.5,8460.30934543743,8432.81366581003,9138.87309621363
"751",8915,9297,9218.13995505819,9232.00273513616,9507.77848273116
"752",9027,8436,8402.9232910881,8407.80349922672,8704.74391514725
"753",7994,8524,8484.05167266932,8559.50559043982,8517.27650664348
"754",8136,7668,7636.30384725431,7644.90936062322,8029.38893461507
"755",7054,7650,7629.43618657993,7610.78359753014,7715.95810079392
"756",8893,7834,7787.48030252285,7792.96073983873,8126.43843287472
"757",8122,7542,7434.21273119574,7418.12469883134,8164.9389589991
"758",8860,7843.5,7821.57591356233,7808.90855123046,8073.38930467652
"759",7041,7620,7615.00215488632,7608.60237414594,7767.43482477327
"760",8150,7402,7361.14080528114,7337.72924724862,7656.21221978201
"761",7465,7464,7408.0022362044,7390.73943148281,7877.58271544187
"762",7940,6932.5,6891.92787504852,6891.71619716251,7132.58835188514
"763",7968,8303.5,8270.45834704818,8217.65550762747,8802.43592170342
"764",7862,7361,7353.1773034688,7337.81021031599,7736.58400223384
"765",8150,8744.5,8698.38109484526,8666.31115146106,9173.1805747988
"766",7801,8125.5,8083.0100830159,8074.74447681068,8333.7737077743
"767",8257,7877.5,7895.17520666401,7879.1531174046,8122.5386174148
"768",7358,7886.5,7856.90104292543,7857.94391122284,8154.04765227161
"769",7394,7481.5,7471.72276332736,7455.08624407938,7741.9960829039
"770",8306,8211.5,8197.71660517271,8159.41137642277,8384.94727460027
"771",6906,6887.5,6878.99038654761,6901.34562341414,7336.66754667809
"772",8098,8738,8688.09026141964,8643.87522134019,8995.61543320437
"773",8969,7240,7210.90792858201,7201.58624457759,7535.62221401806
"774",7850,8135.5,8100.04371010911,8098.33344234997,8148.70588117653
"775",7424,7184.5,7109.91768172516,7132.90799206114,7497.58765167804
"776",7963,9176.5,9105.35213199204,9103.84328150514,9366.55885676077
"777",10382,9415.5,9347.9250138278,9333.35290882139,9878.01974031908
"778",7620,7105.5,7085.81024166329,7056.84066191119,7409.74544058529
"779",8132,6984.5,6995.94258748639,6981.7277672018,7397.56787500027
"780",7610,7139.5,7123.75349547866,7145.70794417246,7400.6637182055
"781",10049,8086,8040.79714905993,8012.3339343369,8593.38391536488
"782",6575,6611,6580.19353399011,6590.73029842804,6738.81678967205
"783",7433,7754,7727.61206227651,7710.50695495065,7877.01963713116
"784",8150,7415,7372.30420773733,7369.02556384078,7832.25646404304
"785",7992,7796.5,7760.75384629857,7721.5351457056,8117.39490183789
"786",6912,7245,7200.57616815826,7184.21980620026,7482.14240445759
"787",7993,7838.5,7830.77657773811,7803.22672453287,8358.14320407228
"788",9078,9592.5,9561.98590135611,9570.87275546065,9816.51073437545
"789",6986,7148,7118.21051294519,7110.54997294923,7307.75329291334
"790",8503,7428,7406.18081497318,7401.63672983179,7486.39615130346
"791",8929,8659,8633.25471022441,8628.02547396635,9254.96659770061
"792",8013,6725,6712.44188969972,6692.19646851765,7078.11733330772
"793",8360,7409.5,7395.41826500462,7373.17471158872,7822.58546111051
"794",8143,8049.5,7997.44904760037,8005.51051305708,8468.80062234234
"795",7635,7910.5,7859.72082191187,7833.49125370235,8131.71729314615
"796",8984,7616.5,7571.15047194264,7556.19773110445,8146.36286906827
"797",6928,7778.5,7739.15909596247,7768.36462362906,7955.5205643322
"798",8499,6947,6896.6672849707,6939.6118851599,7444.09803211526
"799",10021,8042.5,8018.99009767122,8008.81824309141,8211.08731185774
"800",9287,8599,8591.60880066083,8510.71474181316,9350.77575624339
"801",8858,7270.5,7252.53324676132,7218.38775769024,7735.16042641503
"802",7648,8053.5,8004.58267139936,8006.40205242241,8279.92103863051
"803",7908,7325,7307.85051911945,7304.32673618879,7602.14289732233
"804",7253,7887,7882.69188528862,7886.13310222358,7854.23968396626
"805",8374,7932.5,7922.01131000387,7887.93300451294,8237.95884990745
"806",8147,8111.5,8112.12156889818,8086.50879241158,8328.15036621082
"807",8515,8666.5,8652.07990455709,8652.94175143833,8821.04059107567
"808",8593,7219,7168.83865627927,7133.46671284257,7497.24806205266
"809",7703,7765.5,7690.04658486902,7701.14930562132,8069.0971637103
"810",9106,7269,7266.48296690424,7241.40994594832,7572.63354821729
"811",8630,8006,8007.97826538275,7995.67571460311,8377.55774369311
"812",8934,8122.5,8051.4885884806,8098.76377632052,9035.00753927087
"813",7686,7749.5,7692.58220269625,7703.89221583312,7990.29996105952
"814",8445,8037.5,7987.72644674475,7988.62057882943,8346.27756964824
"815",9364,8850,8763.80844871377,8752.48369351803,9130.23495820082
"816",7930,6982,6964.49851090122,6965.82642514161,7202.22940244555
"817",8549,8219,8168.88648760467,8146.4366475506,8524.67309183585
"818",8592,8992.5,9020.06494907162,9000.79458077512,9189.45186773163
"819",8501,8140.5,8135.94517900843,8140.60208765453,8664.33802632362
"820",7685,7847,7814.44662793228,7800.42092502509,8295.95200888409
"821",6815,7242.5,7222.52782555432,7194.69952637941,7354.0740341891
"822",6950,6717,6702.6449837574,6699.24914616071,6765.89745256749
"823",7457,8215,8157.01848848303,8173.06352427912,8390.0054357227
"824",7728,NA,NA,NA,NA
"825",8483,7528.5,7505.91969577808,7506.84070882148,8146.63815004792
"826",7329,7925,7923.25580944547,7920.82535571701,8007.29134197433
"827",7872,7997.5,7969.51258274749,7952.66627605315,8210.71291602989
"828",7148,7599,7563.97424829827,7554.96806724564,7814.92588007785
"829",7446,7312.5,7238.55198187854,7230.18864978827,7568.43937817249
"830",8870,7671.5,7645.36552690831,7623.67797691715,8258.47717987232
"831",7173,8169.5,8146.94688855835,8121.83047191515,8280.06377266195
"832",7494,7927,7860.02062739984,7844.54426599296,8093.90980986273
"833",8721,7921,7869.66864008086,7854.90201832272,8552.13048455329
"834",8693,7940.5,7897.22268841654,7882.09514448222,8222.97153732379
"835",7853,7735,7711.99780468175,7751.61512224012,7892.39021810277
"836",9030,8697,8648.90439604674,8608.86459838717,9340.58592675201
"837",7395,6413,6402.919489757,6389.3212456482,6612.12101193618
"838",7876,7803.5,7724.4142515706,7722.99377608004,8129.94321195558
"839",7968,8010.5,7991.46275351621,7946.52167425874,8442.78406217412
"840",7720,8095,8096.9086430679,8072.64654199461,8451.70809725376
"841",8128,7198,7128.97351998757,7124.78582288181,7645.94951784356
"842",7191,6874,6845.88162807773,6801.58552030991,7212.16128606137
"843",7464,7780,7755.19097688009,7750.70804364617,8077.07297809096
"844",7211,7988.5,7982.96995685698,7961.16260488857,8108.43350470265
"845",6936,8262.5,8199.89935012066,8192.54011002311,8481.20249615961
"846",9614,9410,9357.98036289359,9326.23365078039,9761.54324861403
"847",7202,7728.5,7697.13043736409,7686.28929992551,7838.72059940062
"848",8673,8501,8451.52029366504,8429.00073053359,8699.41299096778
"849",8668,7842,7810.64017068135,7803.76327644553,7946.16756013628
"850",8987,8934,8914.22923187978,8905.97431821939,9122.81972742509
"851",8640,8129.5,8108.06711648498,8086.38705684079,8706.7490442763
"852",8273,7811.5,7753.41910295886,7767.57021631789,8304.06995879022
"853",7895,7721,7696.47580853955,7677.40978186568,8073.56312796515
"854",8007,7584.5,7536.98905095487,7547.15022644224,7887.14350748747
"855",7037,7513.5,7500.2722753155,7521.44290660908,7567.823491854
"856",8144,7676.5,7692.74214373869,7663.89912885995,8282.93731836805
"857",8257,7764,7738.2853972877,7748.98267280865,8060.96313358543
"858",8207,8509,8466.90089863902,8458.73089305613,8889.19529077648
"859",7679,7500,7456.31014497384,7452.72030847173,7693.62612817197
"860",7616,7502,7454.95813628101,7443.00705847935,7754.15127923549
"861",7329,7479.5,7470.46727252817,7422.02082116728,7782.46151190461
"862",8004,7713.5,7682.79266038475,7688.00027358104,7986.06175171833
"863",6916,7711.5,7680.74642671994,7652.67951579139,7899.17470740633
"864",7490,7846,7836.77363778707,7828.63171890722,8054.23684685737
"865",8247,8636.5,8613.51494082518,8584.80483016182,9157.93362885772
"866",7044,7541,7491.85526604286,7463.4193987668,7646.72942861969
"867",8400,7962.5,7895.72382670647,7895.43098726678,8498.7462229592
"868",8171,7987,7961.84689391697,7946.99901912123,8215.2146657329
"869",8922,9855.5,9812.2776882978,9763.52627941047,10116.6366341346
"870",7810,7594.5,7578.11811475313,7538.6794646436,7883.29272894117
"871",7542,7193.5,7180.86652653167,7155.93704662112,7720.88935940381
"872",8711,8175,8143.02313291912,8133.21525901106,8694.03058710256
"873",8309,8081,8042.92331404454,7999.28215570588,8308.77356798401
"874",7204,7100,7060.96042092883,7048.89195746565,7282.56562517183
"875",9272,8498,8490.07932638733,8484.57899298392,8615.49432301916
"876",9329,8626,8626.18093447101,8615.64529441302,8939.63153822421
"877",7252,8241.5,8226.34237745955,8124.76774920948,8671.12419911555
"878",9056,7870,7828.91701629166,7805.83797629415,8286.10806494114
"879",7709,7978.5,7966.82221727976,7930.87257334432,8570.968362803
"880",8691,8179.5,8125.13762693172,8127.56479983453,8696.94525542362
"881",8977,7330,7374.73224540555,7330.94482473532,7748.86892347483
"882",8559,7557,7491.03867552897,7491.39014656572,8430.8369800405
"883",8262,7329,7304.35368555719,7286.61893297642,7806.46724028807
"884",9412,7376,7387.44160966999,7347.38294334879,7900.44500936743
"885",7233,8231.5,8189.53328496863,8161.41531253566,8547.44469456597
"886",8521,7629,7572.86372059371,7548.85344851837,8093.3682803208
"887",6886,7423,7412.72600091765,7431.46104111518,7512.51035337997
"888",8009,8027.5,8030.67850676624,8018.17450144841,8538.27672026023
"889",6997,7781,7752.81576546123,7725.65208865715,8186.36117146593
"890",6913,6583.5,6556.17912741743,6552.56413413303,6766.64079435778
"891",8419,8028.5,7980.70803506943,7983.21725273713,8269.25980376058
"892",10075,8887.5,8898.09890245572,8892.0935035523,9547.03625274415
"893",8823,8308.5,8279.93325220461,8265.16274153432,8795.07508514578
"894",7675,8217.5,8224.1105283319,8191.19030747998,8579.88455708839
"895",7561,7295,7270.15315512934,7261.15403618813,7585.42718455988
"896",7183,6870.5,6841.8497473438,6841.04761119223,7335.74209390235
"897",9753,9083,9030.80603793244,9046.47908677212,9763.39988413551
"898",7672,7755,7691.30553635002,7686.80741894074,8106.87369121396
"899",8737,8771.5,8769.82123235325,8734.58793977778,8963.26635986472
"900",9326,8473.5,8489.49122624254,8487.64909061766,8906.04519902421
"901",8656,7484,7443.98766178321,7442.08931800394,7775.82520647896
"902",7940,8673,8649.77884478381,8659.49295192542,8843.64419014211
"903",7869,7560.5,7497.92967031266,7490.1504695951,7943.24652981254
"904",7980,7974.5,7946.60359081067,7928.59421592588,8113.79405064759
"905",7693,7540.5,7495.53924630835,7509.75555882739,7839.92508240654
"906",7170,8541,8521.57777802436,8520.44825583786,8727.94370922536
"907",7400,8423.5,8406.58726920882,8410.15732465635,8438.7898312878
"908",8467,7692.5,7631.72316840745,7632.25303228416,7901.38794492048
"909",8119,8079,8096.27887124443,8087.0492718265,8249.03254883395
"910",7076,8347,8321.98908410277,8294.75582937308,8517.58074812622
"911",8612,7340,7285.49639314686,7282.38594311088,7786.54698392137
"912",8206,7826,7742.35032054318,7739.38732082818,8031.44918470761
"913",9121,7978,7940.29096828532,7944.66318704413,8226.26086582437
"914",7288,9209.5,9172.81774119434,9135.22777267503,9202.15950212782
"915",7224,8072.5,8032.99896728254,8010.51742671295,8176.33025148251
"916",7738,8388,8331.6772101497,8310.48129098491,8668.02107224902
"917",8655,7635.5,7605.96637439714,7620.42939663587,7956.88509322774
"918",8013,8049.5,7982.19403926504,7972.94038421281,8583.05570004285
"919",8161,7964,7929.83416733131,7908.35099629335,8505.36217425139
"920",8089,7621,7625.84527242953,7606.10872076397,7792.47917683018
"921",8141,7679,7650.43339449586,7652.7017997514,7945.60626959555
"922",8268,8023,7974.67212823889,7958.77926704047,8408.40791085237
"923",7964,7134.5,7095.86521322689,7077.68365012729,7613.4160444735
"924",8774,8402.5,8361.98160881175,8358.67876564493,8994.33161614224
"925",6786,7132,7103.79842651061,7094.61922601214,7467.90219854129
"926",7353,7264.5,7245.61811313605,7211.54752586823,7441.98885487986
"927",7827,7459.5,7445.34561777178,7436.36811551019,7731.33030343619
"928",7567,7117,7095.0068538663,7071.92181687172,7355.50564263777
"929",8072,8800.5,8757.68558396118,8784.3344148579,8948.33767284566
"930",7213,7001,6978.60772121393,6954.21681732121,7181.08799428111
"931",8138,7378,7321.73109820726,7319.62850474172,7557.3147400958
"932",7473,8003,8014.34605966704,7977.59943269057,8099.41512843753
"933",7256,8153.5,8125.62311172398,8096.33738770204,8199.73733842923
"934",7782,7509,7512.2786560499,7481.19865892293,7855.56311757268
"935",8853,8191.5,8123.49273738744,8138.02068384646,8793.54537365603
"936",7574,8002.5,7977.54127859494,7936.73986821142,8248.96735069515
"937",7998,7847,7808.30696515461,7820.30063987176,7996.29555720664
"938",8010,6897,6875.45038947934,6872.66789116389,7372.94202360254
"939",7045,7265,7232.22808137552,7202.8735806363,7551.72540140501
"940",8090,7486,7420.72247537913,7393.06697152822,7891.55347913269
"941",8420,8681.5,8642.47925273274,8637.40764601426,9044.51865348785
"942",6944,7765.5,7725.85537078161,7711.83231011633,7810.13213843068
"943",8167,8254,8251.66679833367,8226.57622269658,8370.61729214838
"944",7942,7755,7755.19254680755,7760.14097968222,8027.70671396972
"945",8120,8514.5,8509.20139834703,8477.46479753557,8903.07481136962
"946",9186,8775.5,8748.66033188747,8745.6605125572,9088.4273651104
"947",7032,7774.5,7752.99053070437,7725.35985079607,7883.22786868305
"948",8231,7895,7849.21027468178,7825.12763716755,8232.42869992362
"949",7482,7570,7543.43785538968,7541.69423686468,7825.52229103653
"950",9213,8787,8651.09717853638,8697.97092538689,9301.07322052422
"951",8031,8519,8490.54379244282,8484.1125641633,8745.13304764307
"952",7972,9368,9366.66485253531,9329.15825392921,9603.46990935295
"953",6916,7400,7355.57131494241,7343.89110754569,7500.31235071287
"954",7391,7789.5,7754.10529117953,7728.66549503035,8102.91158122605
"955",8050,7447,7412.58738057923,7411.43642135321,7755.31523597807
"956",7499,7086.5,7072.94817407291,7070.57159097422,7354.18873464609
"957",7083,7499.5,7442.49223604266,7410.18171998414,7779.7174633492
"958",6739,8335.5,8284.2143204988,8296.60659059927,8510.29942120724
"959",8255,7922.5,7869.89049796005,7863.78055309269,8651.82553050403
"960",9163,8185,8183.20348371476,8148.75526785197,8874.37423312437
"961",6787,6511,6491.32769719784,6471.97479807389,6618.14982423697
"962",8913,7696.5,7747.03314191242,7692.68840157455,8231.26471318817
"963",7373,8481,8474.11389433561,8450.74216162493,8745.57899120638
"964",8342,8330,8287.74303234251,8285.31472820362,8609.53598933097
"965",8866,7772,7736.75732537137,7688.55622992872,8189.75445932065
"966",8132,7763.5,7719.13310609216,7722.89607091763,8096.15780729985
"967",7589,7614,7578.03825837869,7566.28381574083,7954.40174885286
"968",8188,8431,8413.56702563836,8413.72080763408,8753.94042458226
"969",8489,7164.5,7156.75238444028,7116.90850358402,7550.62369675791
"970",7410,7827,7795.88399847456,7792.77870808958,8145.14674043106
"971",7791,8540.5,8470.61833652165,8481.29359949717,9018.35363822474
"972",8082,8067.5,8041.88264198895,8043.34376596705,8364.26452682918
"973",8300,8143.5,8101.9512463001,8101.15807344678,8502.43245683951
"974",8443,7818,7765.927659119,7768.34897435579,8185.59233183759
"975",7734,7585,7555.22949271122,7523.4097883419,7913.92089385151
"976",9555,8409.5,8334.39946431132,8344.85904165498,8926.21189316603
"977",8680,8022.5,8011.00002973863,8001.02884993355,8610.12370599125
"978",7760,8638,8604.07397474679,8594.97295554602,9095.9324261859
"979",8778,8453,8433.60997642662,8448.8351328806,8820.6384314658
"980",8034,7827.5,7791.00791055489,7808.26385147273,7927.17422830348
"981",8867,8559.5,8514.84656636697,8512.0909841542,8628.23931606497
"982",7879,6546,6595.80435551346,6552.09015358137,6829.15880441862
"983",8252,8492.5,8488.12930850576,8463.35287488973,8915.49232951923
"984",8857,7873,7799.35494928574,7795.15775221683,8252.39956095515
"985",8368,8199.5,8176.34503379518,8157.08181588383,8544.00622576929
"986",7439,6622.5,6606.90954520288,6595.13101868675,7001.85007590389
"987",7984,7585,7555.87899795487,7534.26921461319,7974.44280139966
"988",7806,7652.5,7639.0877861597,7650.43951636388,7753.76627552348
"989",7863,8478,8414.35513050097,8392.58395898169,8807.35171645174
"990",7286,8641,8604.43424071238,8611.45165510797,8705.1856729182
"991",9214,8695.5,8685.03435086804,8651.85648875023,8921.30604661068
"992",7884,9574,9523.88988883819,9549.84869022674,9653.78096076164
"993",8990,9027.5,9002.44246143069,8946.97485785863,9511.78455732421
"994",8212,7009,6973.1623096916,6957.67275913975,7257.16239411596
"995",8648,7665,7645.78809377819,7637.88553327456,8055.4748015135
"996",7929,7124.5,7109.93809507156,7113.50935670857,7347.46281122092
"997",6544,6743,6715.05120229754,6721.38727318462,6911.1340759646
"998",8061,8117,8099.8578059471,8099.56674756744,8468.82966620324
"999",6805,7656.5,7587.37006368773,7597.95819726335,7788.78389825919
"1000",7493,8447,8450.38800975604,8450.37922626985,8662.98100338344
